text,true_emotion,predicted_emotion
"@marcavis @AntisocialJW2 I've always been fiery, but never radical.",anger,anger
"You're so thirsty for the chance to disagree w/ the left, that you don't even realize when something is an affront to your bigoted platform.",anger,anger
My eyes have been dilated. I hate the world right now with the rage of a thousand fiery dragons. I need a drink.,anger,anger
Sometimes I get mad over something so minuscule I try to ruin somebodies life not like lose your job like get you into federal prison #anger,anger,anger
S/O to the girl that just hit my car...not only did she get lucky w/ no scratch but also from being spared the wrath of sleep deprived KaitðŸ™ƒ,anger,anger
"@LaureEve I am sitting here wrapped in a fluffy blanket, with incense burning, listening to Bon Iver and drinking mulled wine. I'm there.",anger,joy
"Is it me, or is Ding wearing the look of a man who's just found his arch enemy in bed with his missus? #angryman ",anger,anger
"@reluctantnicko Don't ask, you don't get. Apologies if I've offended you. All due respect Alan, I think you've been fed duff info.",anger,anger
@DJ_JeanFranko growl!!!,anger,anger
Everybody talking about 'the first day of fall' but summer '16 is never gonna die #revenge @Drake,anger,sadness
"@MaddenFreestyle i turn the game on wanting to play madden, and before i load up a game i just turn it off now.",anger,sadness
Eat my ass' is no longer an insult,anger,anger
@fluffysoftlouis no no. I insist that you give me your best insult first,anger,anger
"Taking umbrage because Jimmy Carr claimed that Bilbo Baggins went to Mordor on 8 out of 10 cats does Countdown. Know your Baggins', mate.",anger,anger
Having a baby born too soon is #lifechanging 6 years on and it feels like only yesterday #sad #happy #angry #emotionalrollercoaster,anger,sadness
Literally fuming fuck sake,anger,anger
For the first time in my madden career I just set up a farm account. Should make MOTM much easier,anger,joy
"Anger, resentment, and hatred are the destroyer of your fortune today.'",anger,anger
@ZubairSabirPTI  pls dont insult the word 'Molna',anger,anger
Just joined #pottermore and was sorted into HUFFLEPUFF ðŸ˜¡ðŸ˜¡ðŸ˜¡ #fuming,anger,anger
"@madhav_pastey moral of the story, never check mails in the night. PS. Most notices have nothing much to worry about. @ashwinikn",fear,fear
So about 18mths ago i signed up to @Lumo_Energy for their @VirginAustralia / Velocity FF deal. 18 months in still no FF points ,fear,anger
"The 2nd step to beating #anxiety or #depression is realising that it's not about waiting for ...., Take action yourself now.",fear,sadness
"Gahh...BT, in queue for 30 minutes.. Now put through to BT Sport dept to cancel... back in a queue again... #shocking",fear,anger
There goes the butterflies in my stomach. #nervous #anxietyproblems,fear,fear
@LethalWeaponFOX This show SUCKS! #lame #awful you even used the same names?? lol SO SO bad! #Failed #notworth2minutes. Off air SOON,fear,anger
I have been seeing terrible terrible prescriptions this week. What's going on?,fear,anger
You want  bad service use #frontier they have #terrible service. Go to #AT&amp;T anybody is better. I am going to complain to better business,fear,anger
Okay. Brace yourself. I will attempt my first loaf of bread in the morning. I will use a dutch oven. I will make the dough now. ,fear,joy
I know this is going to be one of those nights where it takes an Act of God to fall asleep. ,fear,sadness
Not the best horror ever but I like that the uncertainty,fear,fear
I don't want speak front to him   #nopanicattack,fear,fear
"Gahh...BT, in queue for 30 minutes.. Now put through to BT Sport dept to cancel... back in a queue again... ",fear,anger
If my concerns &amp; anxiety don't matter to you then I shall return the favor. #EyeMatter,fear,fear
Northampton are awful ðŸ™ˆ,fear,anger
@Evan_McMullin @TheBlazeRadio Classic SHITLIB bullshit. Create a horrible problem and then 'discuss' how to solve it. What a PIMP.,fear,anger
About 7 weeks till I can pick up my camera again. Though I think there is a group cemetery shoot in october I can make! #photography ,fear,joy
@mikefreemanNFL \nIsn't OBrien supposed to be some sort of offensive genius #awful,fear,anger
The Apocalypse has hit our gym and it's  nothing what I thought it would be...\n\nEveryone is wearing vests! What if it's contagious? ,fear,fear
"If i start growing out my mustache now, I can be Pablo Escobar for Halloween!!!",fear,joy
It feels good to get outside for a minute and get some fresh air.  It's hard to stay cooped up inside all day #breezy,joy,joy
@tomlinmayniac starting my new challenge ! A glee poll every day !,joy,joy
@MichiganBromo Good optimism sir :),joy,joy
A #new day to #live and #smile. Hope all the #followers a nice #night or #day. :D,joy,joy
How can l rule my mind !!!!!! \nIt's hilarious that you can't ðŸ˜­ðŸ˜‘ðŸ˜®,joy,anger
"A cheerful heart is good medicine, but a broken spirit saps a person's strength.' {Proverbs 17:22} #WednesdayWisdom",joy,joy
A hearty Jonza! to all my friends and follower.,joy,joy
"@airtelindia have some issues with my broadband bill ,I am charged for the month before I signed up with airtel.. #hilarious",joy,anger
Sioux Valley wins home competitive #cheer invite with a score of 158. ...Dell Rapids second at 138,joy,joy
"If any trump supporters and Hillary haters wanna chirp some weak minded, pandering liberals just tweet at @EmmyA2 @snickerfritz04",joy,anger
@hesham786 that's the spirit ,joy,joy
"...at your age, the heyday in the blood is tame...' @TheArtofCharm #shakespeareaninsults #hamlet #elizabethan #williamshakespeare",joy,anger
"Our tone of voice: we're like One Direction, we're thoughtful and timid, yet playful",joy,joy
Each day is what you make of it! #goals #challenges #business #goals #optimism #happy #success #photographer #photography #ThursdayThoughts,joy,joy
It feels good to get outside for a minute and get some fresh air.  It's hard to stay cooped up inside all day ,joy,joy
i was so embarrassed when she saw us i was like knvfkkjg she thinks we're stalkers n then she starts waving all cheerfully inviting us in ðŸ˜©,joy,fear
Nawaz Sharif is getting more funnier than @kapilsharmak9 day by day.  #challenge #kashmir #baloch,joy,joy
@GigaFag @pipertownsend_ snapchat new would beg to differ ,joy,joy
"@PhilGlutting Hey There Phil Glutting thank you for following us, it's appreciated :) #smile",joy,joy
"If yiu don't respond .o an email within 7 days, you willxbe killed by an animated gif of the girl froa The Ri.g.",joy,fear
Don't depress yourself by comparing yourself. No comparisons.,sadness,sadness
"We are about a little over an hour away! We will arrive soon, do not fret!",sadness,joy
@OHSOVICTORIOUS_ @FaZeAdapt We all seen it coming.. it's sad. But her Instagram comments on her pics are funny. Adapts fans blew it up ðŸ˜‚ðŸ˜‚ðŸ˜‚,sadness,sadness
Public products: high downhearted price tag consumer survey sum and substance: OVth,sadness,sadness
"[ @HedgehogDylan ] *she would frown a bit, folding her arms* 'why is it that every time I'm in need of assistance someone expects a lil **",sadness,anger
Soooo badly want to dye my hair dark but have never been dark before soooo torn ðŸ˜­ðŸ˜­ðŸ˜­,sadness,fear
Common app just randomly logged me out as I was writing the last part of my college essay and lost all of it ðŸ˜­ðŸ˜­ðŸ˜­,sadness,sadness
"@Virgin_TrainsEC I feel for the conductor tonight, he's obviously taken grief over the last few weeks, he sounds weary of apologising!",sadness,sadness
watching this uni reveal is so depressing i miss stingrays :(,sadness,sadness
Should of stayed in Dubai ðŸ˜ž,sadness,sadness
"I'd rather laugh with the rarest genius, in beautiful alliance with his own being, where he kept his sadness. #melancholy",sadness,sadness
@abra @abra @abra what're you doing to my ears? To my soul?! #GoodMusic #melancholy,sadness,sadness
"@Eeevah14 don't I know it, try not to fret my sweet little pupper",sadness,fear
A .500 season is all I'm looking for at this point. #depressing #royals,sadness,sadness
It's basically a dead skin peel which sounds grim. But it literally gets rid of so much dead skin from your pores.,sadness,joy
Buddha doesn't possess enough power to deliver you from your affliction!,sadness,anger
@AnjiDunlap droop in leggings? Are they wearing XXXL?,sadness,anger
A3: But chronic sadness may mean there are underlying issues than getting sad occassionally over a particular issue (2/2) #mhchat,sadness,sadness
and for inconsolable Oxford academics - 'Brussels should just ignore the #Brexit vote and tell the UK it can't leave the EU....ever....wah',sadness,anger
@trashcami this cured my depression,sadness,joy
